                  epoch,         train/box_loss,         train/cls_loss,         train/dfl_loss,   metrics/precision(B),      metrics/recall(B),       metrics/mAP50(B),    metrics/mAP50-95(B),           val/box_loss,           val/cls_loss,           val/dfl_loss,                 lr/pg0,                 lr/pg1,                 lr/pg2
                      0,                 2.6817,                 4.5703,                 1.9705,                0.39664,                0.06449,                0.01976,                0.00942,                 2.1967,                 4.0507,                 1.4323,               0.070577,              0.0032692,              0.0032692
                      1,                 2.2014,                 3.7281,                 1.5457,                0.78368,                 0.0682,                0.03004,                 0.0142,                 2.1018,                 3.7049,                 1.4121,                0.04056,              0.0065861,              0.0065861
                      2,                 2.1794,                 3.5488,                 1.5222,                0.08829,                0.09089,                0.02325,                 0.0118,                 2.0673,                    inf,                 1.4076,               0.010527,              0.0098862,              0.0098862
                      3,                 2.2186,                 3.3874,                  1.507,                 0.3103,                0.10297,                  0.031,                0.01328,                 2.2944,                 6.7398,                  1.467,               0.009925,               0.009925,               0.009925
                      4,                 2.2438,                 3.4771,                 1.4312,                0.37276,                0.09563,                0.03156,                0.01279,                 2.2943,                 3.7097,                  1.379,               0.009925,               0.009925,               0.009925
                      5,                 2.1431,                 3.1693,                 1.4435,                0.44062,                0.07951,                0.03103,                0.01433,                  2.215,                 4.7542,                 1.4289,                 0.0099,                 0.0099,                 0.0099
                      6,                 2.1017,                 3.1568,                 1.4493,                0.18314,                0.14619,                0.04257,                 0.0226,                 1.9151,                  2.792,                 1.2975,               0.009875,               0.009875,               0.009875
                      7,                 2.0019,                 2.9062,                 1.4308,                0.24579,                0.12333,                0.04291,                0.02143,                 2.0659,                 3.0814,                 1.3793,                0.00985,                0.00985,                0.00985
                      8,                   2.04,                  2.891,                 1.4071,                0.11258,                0.20928,                0.07115,                0.03523,                 2.0087,                 2.5567,                 1.3336,               0.009825,               0.009825,               0.009825
                      9,                 2.0247,                 2.7736,                 1.4243,                0.29315,                0.16502,                0.07356,                0.03524,                 2.1273,                 2.6461,                 1.4147,                 0.0098,                 0.0098,                 0.0098
                     10,                 1.9593,                 2.8092,                 1.3563,                0.32838,                0.20914,                0.09308,                0.04779,                 1.8928,                 2.6751,                 1.2643,               0.009775,               0.009775,               0.009775
                     11,                  1.906,                 2.7767,                 1.3515,                0.37992,                0.17695,                0.10399,                0.05606,                 1.8235,                 2.4188,                 1.2357,                0.00975,                0.00975,                0.00975
                     12,                 2.0711,                 2.6941,                 1.3842,                0.29807,                0.16695,                0.10609,                0.05204,                 2.0364,                 2.4045,                 1.3023,               0.009725,               0.009725,               0.009725
                     13,                   1.98,                 2.4394,                  1.354,                 0.3567,                 0.2126,                0.13439,                0.07005,                 1.8731,                 2.3029,                 1.2705,                 0.0097,                 0.0097,                 0.0097
                     14,                  1.998,                 2.4499,                 1.3141,                0.32895,                0.21645,                0.14405,                0.07291,                 1.9198,                 2.1894,                 1.2659,               0.009675,               0.009675,               0.009675
                     15,                 2.0029,                 2.3126,                 1.3276,                0.34564,                0.23536,                0.16284,                0.08181,                 1.9271,                 2.1294,                 1.2624,                0.00965,                0.00965,                0.00965
                     16,                 1.9072,                 2.4005,                 1.3752,                0.37965,                0.23821,                0.17248,                0.09043,                 1.8558,                 2.0516,                 1.2465,               0.009625,               0.009625,               0.009625
                     17,                 1.8967,                 2.2993,                 1.3236,                0.39837,                0.22867,                0.17301,                0.09154,                 1.8487,                 2.2039,                  1.245,                 0.0096,                 0.0096,                 0.0096
                     18,                 1.9472,                 2.2157,                 1.2738,                0.41024,                0.23922,                 0.1903,                0.09516,                 1.9062,                 2.0852,                 1.2479,               0.009575,               0.009575,               0.009575
                     19,                 1.9548,                 2.1804,                 1.2567,                0.45105,                0.24829,                0.20359,                0.10774,                 1.8157,                 1.9999,                 1.2314,                0.00955,                0.00955,                0.00955
                     20,                  1.857,                 2.1288,                 1.2971,                0.44455,                0.25751,                0.20391,                0.10589,                 1.8672,                 2.0168,                 1.2666,               0.009525,               0.009525,               0.009525
                     21,                 1.9617,                 2.1008,                 1.2598,                0.42255,                0.27055,                0.22791,                0.11793,                 1.8453,                 1.8903,                 1.2325,                 0.0095,                 0.0095,                 0.0095
                     22,                 1.8658,                 2.0751,                 1.2655,                0.44452,                0.27026,                0.24327,                0.12771,                 1.8014,                 1.9177,                 1.2269,              0.0094751,              0.0094751,              0.0094751
                     23,                 1.8376,                 2.0158,                 1.3133,                0.38388,                0.27851,                0.25325,                0.13027,                 1.8451,                 1.9165,                 1.2426,              0.0094501,              0.0094501,              0.0094501
                     24,                 1.8378,                 1.9879,                 1.2738,                0.38508,                0.28027,                0.26873,                0.14146,                 1.8102,                 1.8158,                 1.2356,              0.0094251,              0.0094251,              0.0094251
                     25,                 1.8553,                 1.9164,                 1.2772,                0.54242,                0.28876,                0.27858,                0.14516,                 1.8139,                 1.7521,                 1.2252,              0.0094001,              0.0094001,              0.0094001
                     26,                 1.8067,                 1.8779,                 1.2673,                0.55126,                0.29524,                0.28883,                0.15346,                 1.7971,                 1.7492,                 1.2168,              0.0093751,              0.0093751,              0.0093751
                     27,                 1.8169,                 1.9283,                 1.2616,                0.49064,                0.29367,                0.29155,                0.15456,                 1.7738,                 1.7743,                 1.2168,              0.0093501,              0.0093501,              0.0093501
                     28,                 1.8581,                 1.8977,                 1.2407,                0.50676,                0.31523,                0.30061,                0.16021,                 1.7902,                  1.733,                 1.2197,              0.0093251,              0.0093251,              0.0093251
                     29,                 1.8161,                  1.876,                 1.2441,                0.54592,                0.31034,                0.31289,                0.16629,                 1.8093,                 1.6917,                 1.2291,              0.0093001,              0.0093001,              0.0093001
                     30,                 1.8288,                 1.8223,                  1.254,                0.50491,                0.32099,                0.33194,                0.18082,                 1.7411,                 1.6557,                 1.1986,              0.0092751,              0.0092751,              0.0092751
                     31,                 1.7893,                 1.8631,                 1.2848,                 0.5023,                0.31257,                0.32217,                0.17138,                 1.8083,                 1.7391,                 1.2341,              0.0092501,              0.0092501,              0.0092501
                     32,                 1.8439,                 1.8427,                 1.2435,                0.61826,                0.32322,                0.33941,                0.18164,                 1.7758,                 1.6787,                 1.2097,              0.0092251,              0.0092251,              0.0092251
                     33,                 1.7878,                 1.7124,                 1.2299,                0.53311,                0.33917,                0.34659,                0.18428,                 1.7769,                 1.6123,                 1.2205,              0.0092001,              0.0092001,              0.0092001
                     34,                 1.7438,                 1.6968,                 1.2395,                0.57869,                0.35825,                0.35247,                0.19387,                 1.7174,                 1.6162,                 1.1918,              0.0091751,              0.0091751,              0.0091751
                     35,                 1.7277,                 1.7134,                 1.2219,                0.59063,                0.36482,                0.36585,                0.19994,                 1.7461,                 1.6546,                  1.211,              0.0091501,              0.0091501,              0.0091501
                     36,                 1.7434,                  1.723,                 1.2315,                 0.5922,                0.35983,                0.36814,                0.19927,                   1.73,                 1.6045,                 1.1978,              0.0091251,              0.0091251,              0.0091251
                     37,                 1.7368,                 1.7196,                  1.225,                0.59786,                0.34221,                0.37172,                0.19622,                 1.7817,                 1.5352,                 1.2116,              0.0091001,              0.0091001,              0.0091001
                     38,                 1.8159,                 1.6313,                 1.1999,                0.48902,                0.34511,                0.37112,                0.19695,                 1.7863,                 1.5621,                 1.2135,              0.0090751,              0.0090751,              0.0090751
                     39,                 1.7816,                 1.6267,                 1.2141,                0.50764,                0.36756,                0.38285,                0.20645,                 1.7499,                 1.5434,                 1.2085,              0.0090501,              0.0090501,              0.0090501
                     40,                 1.7296,                 1.5329,                 1.2343,                0.58248,                0.36879,                 0.4025,                0.21769,                 1.7487,                 1.4685,                  1.206,              0.0090251,              0.0090251,              0.0090251
                     41,                 1.7394,                 1.5578,                 1.2309,                0.59646,                0.37951,                0.41529,                0.22212,                 1.7479,                 1.4717,                 1.1946,              0.0090001,              0.0090001,              0.0090001
                     42,                 1.7796,                 1.5716,                 1.1717,                0.50014,                0.39412,                0.41295,                0.21512,                 1.7857,                 1.5221,                 1.1957,              0.0089751,              0.0089751,              0.0089751
                     43,                 1.6866,                 1.5067,                 1.1824,                0.53261,                 0.3954,                0.41677,                0.23211,                 1.6663,                 1.4438,                 1.1664,              0.0089501,              0.0089501,              0.0089501
                     44,                 1.6952,                 1.5445,                 1.2127,                 0.6052,                0.39403,                0.42132,                0.22791,                 1.7379,                 1.4686,                  1.204,              0.0089251,              0.0089251,              0.0089251
                     45,                 1.7722,                  1.501,                 1.1807,                0.55996,                0.42949,                 0.4343,                0.22696,                 1.7651,                 1.4446,                 1.2022,              0.0089001,              0.0089001,              0.0089001
                     46,                 1.8029,                 1.5921,                 1.2169,                0.56357,                0.41871,                0.43722,                0.23724,                  1.715,                 1.4445,                 1.1895,              0.0088751,              0.0088751,              0.0088751
                     47,                 1.7371,                 1.5115,                 1.2106,                0.50373,                0.41709,                0.43727,                0.23237,                 1.7424,                 1.4672,                 1.1968,              0.0088501,              0.0088501,              0.0088501
                     48,                 1.7199,                 1.4905,                 1.2155,                 0.5258,                0.43539,                0.44185,                0.23611,                 1.7538,                 1.4428,                 1.2018,              0.0088251,              0.0088251,              0.0088251
                     49,                 1.7771,                 1.4857,                 1.1557,                0.58645,                0.43323,                0.44803,                0.24761,                 1.6871,                 1.4155,                 1.1833,              0.0088001,              0.0088001,              0.0088001
                     50,                 1.7327,                 1.4596,                 1.1943,                0.60402,                0.42656,                0.45229,                0.24981,                 1.7152,                 1.4461,                 1.2029,              0.0087751,              0.0087751,              0.0087751
                     51,                 1.6743,                 1.4633,                 1.2135,                 0.6053,                0.42816,                0.46247,                0.26042,                 1.6526,                 1.3668,                 1.1686,              0.0087501,              0.0087501,              0.0087501
                     52,                 1.6869,                 1.4565,                 1.1728,                0.55656,                0.41545,                0.42847,                0.22888,                 1.7631,                 1.4584,                 1.1962,              0.0087251,              0.0087251,              0.0087251
                     53,                 1.7407,                 1.4642,                 1.1503,                 0.5797,                  0.418,                0.44449,                0.24611,                 1.7058,                 1.4123,                 1.1814,              0.0087001,              0.0087001,              0.0087001
                     54,                 1.6828,                 1.4341,                 1.1976,                 0.5991,                0.42985,                0.46271,                0.25282,                 1.7047,                 1.3887,                 1.1838,              0.0086751,              0.0086751,              0.0086751
                     55,                 1.6924,                 1.4347,                 1.1509,                0.59714,                0.43289,                0.46628,                0.25917,                 1.6708,                 1.3882,                 1.1666,              0.0086501,              0.0086501,              0.0086501
                     56,                 1.6686,                 1.3886,                   1.22,                0.60702,                 0.4458,                0.47947,                0.26589,                 1.6715,                 1.3551,                 1.1757,              0.0086251,              0.0086251,              0.0086251
                     57,                  1.674,                 1.4137,                 1.1782,                0.58221,                0.45202,                0.47091,                0.25818,                  1.697,                 1.4425,                 1.1797,              0.0086001,              0.0086001,              0.0086001
                     58,                 1.6441,                 1.3931,                 1.1505,                0.60258,                0.44436,                0.46937,                0.25151,                 1.7385,                 1.4332,                 1.1957,              0.0085751,              0.0085751,              0.0085751
                     59,                 1.6135,                 1.3427,                 1.1997,                0.60897,                0.44457,                0.48045,                0.26212,                 1.6859,                 1.3361,                  1.179,              0.0085501,              0.0085501,              0.0085501
                     60,                 1.6549,                 1.3855,                 1.1771,                0.63447,                0.45822,                0.48486,                0.26952,                 1.6655,                 1.3912,                 1.1654,              0.0085251,              0.0085251,              0.0085251
                     61,                  1.642,                 1.3656,                 1.1531,                0.61885,                 0.4591,                0.49351,                 0.2688,                 1.6971,                 1.3491,                 1.1804,              0.0085001,              0.0085001,              0.0085001
                     62,                 1.6523,                 1.3189,                 1.1956,                0.62483,                0.46848,                0.50601,                0.27773,                 1.6849,                 1.3194,                 1.1789,              0.0084752,              0.0084752,              0.0084752
                     63,                 1.6671,                  1.362,                 1.1752,                0.61084,                0.47421,                 0.5035,                  0.273,                 1.6914,                 1.3453,                 1.1792,              0.0084502,              0.0084502,              0.0084502
                     64,                 1.6272,                  1.339,                 1.1733,                 0.6165,                0.47356,                0.51108,                0.27775,                 1.7073,                 1.3579,                 1.1888,              0.0084252,              0.0084252,              0.0084252
                     65,                 1.6342,                 1.3498,                 1.1875,                0.63197,                0.47668,                0.51352,                0.28552,                 1.6636,                 1.3032,                  1.168,              0.0084002,              0.0084002,              0.0084002
                     66,                 1.6772,                 1.3016,                 1.1458,                0.63668,                0.48603,                0.51335,                0.26975,                 1.7531,                 1.3109,                 1.2005,              0.0083752,              0.0083752,              0.0083752
                     67,                 1.6304,                 1.2717,                 1.1774,                0.60697,                0.47683,                 0.5061,                0.28297,                 1.6639,                 1.3156,                 1.1806,              0.0083502,              0.0083502,              0.0083502
                     68,                 1.6744,                 1.2939,                 1.1347,                0.64899,                  0.486,                0.51792,                0.28512,                 1.6661,                 1.3154,                 1.1743,              0.0083252,              0.0083252,              0.0083252
                     69,                 1.6239,                 1.2671,                 1.1585,                0.63665,                0.48119,                 0.5124,                0.27967,                 1.6985,                 1.3314,                 1.1914,              0.0083002,              0.0083002,              0.0083002
                     70,                 1.6318,                 1.2869,                 1.1745,                  0.613,                0.48257,                0.52012,                0.28464,                 1.6849,                 1.3125,                 1.1788,              0.0082752,              0.0082752,              0.0082752
                     71,                 1.6292,                 1.2958,                 1.1707,                0.63622,                0.48089,                0.51887,                0.27957,                 1.6918,                 1.2904,                 1.1811,              0.0082502,              0.0082502,              0.0082502
                     72,                 1.6443,                  1.314,                 1.1354,                0.63119,                0.49429,                0.52469,                0.28879,                 1.6655,                 1.2849,                  1.178,              0.0082252,              0.0082252,              0.0082252
                     73,                 1.5626,                 1.2861,                 1.1573,                0.62354,                0.48819,                0.53329,                0.29445,                 1.6639,                 1.3255,                 1.1679,              0.0082002,              0.0082002,              0.0082002
                     74,                 1.5925,                 1.2684,                 1.1307,                0.58068,                0.49565,                0.52455,                0.28241,                 1.6906,                 1.3324,                 1.1722,              0.0081752,              0.0081752,              0.0081752
                     75,                 1.6129,                  1.254,                 1.1567,                0.60612,                0.49474,                0.52443,                0.28824,                 1.6926,                 1.3054,                 1.1855,              0.0081502,              0.0081502,              0.0081502
                     76,                 1.6086,                 1.2356,                 1.1587,                0.60865,                0.48512,                 0.5259,                 0.2878,                 1.6937,                 1.3266,                 1.1911,              0.0081252,              0.0081252,              0.0081252
                     77,                 1.6115,                 1.2068,                 1.1493,                0.62714,                0.48663,                0.52275,                0.28653,                 1.6935,                 1.3049,                 1.1889,              0.0081002,              0.0081002,              0.0081002
                     78,                 1.6309,                 1.2096,                 1.1376,                0.64983,                0.49361,                0.54076,                0.29188,                 1.7014,                 1.2805,                 1.1844,              0.0080752,              0.0080752,              0.0080752
                     79,                 1.5634,                 1.1881,                 1.1495,                0.63795,                0.49061,                0.52727,                 0.2819,                 1.7277,                 1.3154,                 1.1953,              0.0080502,              0.0080502,              0.0080502
                     80,                 1.6261,                 1.2366,                 1.1264,                0.65657,                0.50507,                0.52829,                0.28562,                 1.6827,                 1.2912,                 1.1738,              0.0080252,              0.0080252,              0.0080252
                     81,                 1.6308,                 1.2332,                 1.1343,                0.63866,                0.49667,                0.53334,                0.28834,                 1.6938,                 1.2785,                 1.1882,              0.0080002,              0.0080002,              0.0080002
                     82,                  1.569,                 1.1975,                  1.145,                0.62936,                0.50699,                0.54194,                 0.2935,                 1.6826,                 1.2882,                 1.1781,              0.0079752,              0.0079752,              0.0079752
                     83,                 1.5916,                 1.2219,                 1.1406,                0.62394,                0.51506,                0.54937,                0.30589,                 1.6496,                 1.2585,                 1.1691,              0.0079502,              0.0079502,              0.0079502
                     84,                 1.6223,                 1.2254,                 1.1773,                0.64729,                0.51446,                0.54423,                0.28819,                 1.7343,                 1.2795,                  1.203,              0.0079252,              0.0079252,              0.0079252
                     85,                 1.5918,                 1.2034,                   1.16,                0.59236,                0.52307,                0.54779,                0.30025,                 1.6899,                 1.2752,                 1.1878,              0.0079002,              0.0079002,              0.0079002
                     86,                 1.5375,                 1.1641,                 1.1642,                0.65049,                0.50987,                0.55421,                0.30473,                 1.6815,                 1.2683,                 1.1839,              0.0078752,              0.0078752,              0.0078752
                     87,                 1.5787,                 1.1856,                 1.1523,                 0.6418,                0.50519,                0.55089,                0.29822,                 1.6936,                 1.2927,                 1.1859,              0.0078502,              0.0078502,              0.0078502
                     88,                 1.5827,                 1.1173,                 1.1423,                0.65049,                0.50848,                 0.5596,                 0.3057,                 1.6773,                 1.2571,                 1.1734,              0.0078252,              0.0078252,              0.0078252
                     89,                 1.5974,                 1.1899,                  1.132,                0.67115,                0.49783,                 0.5556,                 0.3016,                 1.6736,                 1.2377,                 1.1705,              0.0078002,              0.0078002,              0.0078002
                     90,                 1.5567,                 1.1627,                 1.1208,                 0.6401,                0.51441,                0.55182,                0.30134,                 1.6668,                  1.266,                 1.1778,              0.0077752,              0.0077752,              0.0077752
                     91,                 1.5523,                 1.1499,                 1.1174,                0.66596,                0.50699,                0.55062,                 0.3015,                  1.688,                 1.2788,                 1.1792,              0.0077502,              0.0077502,              0.0077502
                     92,                 1.5523,                 1.1747,                 1.1445,                0.64761,                 0.5204,                0.55815,                0.30709,                 1.6653,                 1.2473,                 1.1732,              0.0077252,              0.0077252,              0.0077252
                     93,                 1.5492,                 1.1263,                 1.1355,                0.66457,                0.52107,                 0.5572,                0.29774,                 1.7025,                 1.2433,                 1.1836,              0.0077002,              0.0077002,              0.0077002
                     94,                 1.5977,                 1.1311,                 1.1249,                0.60995,                0.53044,                0.56045,                0.31117,                 1.6495,                 1.2277,                 1.1741,              0.0076752,              0.0076752,              0.0076752
                     95,                 1.6081,                 1.2022,                 1.1237,                0.65692,                0.51716,                0.55928,                0.30992,                  1.656,                 1.2387,                 1.1696,              0.0076502,              0.0076502,              0.0076502
                     96,                 1.5591,                 1.1459,                 1.1185,                0.69272,                0.51811,                0.56899,                0.31617,                  1.658,                 1.2293,                 1.1733,              0.0076252,              0.0076252,              0.0076252
                     97,                 1.5384,                 1.0978,                 1.1236,                 0.6542,                0.51839,                0.56636,                0.30598,                 1.6941,                 1.2417,                 1.1849,              0.0076002,              0.0076002,              0.0076002
                     98,                 1.5817,                 1.1323,                 1.1286,                0.66691,                0.51334,                0.57353,                0.31096,                 1.6865,                 1.2362,                 1.1805,              0.0075752,              0.0075752,              0.0075752
                     99,                 1.5416,                 1.1034,                  1.114,                0.65196,                0.54516,                0.58093,                0.32473,                 1.6447,                 1.2314,                 1.1712,              0.0075502,              0.0075502,              0.0075502
                    100,                  1.526,                 1.1135,                 1.1091,                0.68621,                0.51906,                0.57285,                0.31253,                 1.6793,                 1.2699,                 1.1811,              0.0075252,              0.0075252,              0.0075252
                    101,                 1.5211,                 1.0879,                 1.1147,                0.67979,                0.51175,                0.56521,                 0.3128,                 1.6834,                 1.2645,                 1.1844,              0.0075002,              0.0075002,              0.0075002
                    102,                 1.5277,                 1.0834,                 1.1379,                0.67594,                0.52145,                 0.5769,                0.31545,                 1.6627,                 1.2181,                  1.175,              0.0074753,              0.0074753,              0.0074753
                    103,                 1.4901,                  1.067,                 1.1224,                0.66582,                0.52432,                0.57179,                0.31194,                 1.6531,                 1.2235,                  1.169,              0.0074503,              0.0074503,              0.0074503
                    104,                 1.5189,                 1.0894,                 1.1338,                0.69515,                0.51922,                0.56807,                0.30721,                 1.6999,                 1.2447,                 1.1901,              0.0074253,              0.0074253,              0.0074253
                    105,                  1.508,                 1.0339,                 1.1271,                0.66832,                0.53447,                 0.5768,                0.31731,                 1.6515,                 1.2156,                  1.175,              0.0074003,              0.0074003,              0.0074003
                    106,                 1.5392,                 1.1266,                 1.1015,                 0.6595,                0.54279,                0.57401,                0.30605,                 1.6945,                 1.2269,                 1.1869,              0.0073753,              0.0073753,              0.0073753
                    107,                 1.4754,                 1.0202,                 1.0925,                 0.6771,                0.52847,                0.57805,                0.31478,                 1.6737,                 1.2276,                 1.1789,              0.0073503,              0.0073503,              0.0073503
                    108,                 1.4724,                 1.0449,                 1.0984,                0.64531,                0.54547,                0.58019,                0.31528,                 1.6753,                 1.2237,                 1.1873,              0.0073253,              0.0073253,              0.0073253
                    109,                 1.4697,                 1.0082,                 1.1231,                0.67343,                0.55034,                 0.5858,                0.32122,                 1.6893,                 1.2178,                 1.2031,              0.0073003,              0.0073003,              0.0073003
                    110,                 1.5114,                  1.026,                 1.1106,                0.64982,                0.54255,                0.57869,                0.31512,                 1.6769,                 1.2148,                 1.1835,              0.0072753,              0.0072753,              0.0072753
                    111,                  1.493,                 1.0182,                 1.0979,                0.67422,                0.52324,                0.57522,                0.31773,                 1.6613,                 1.2328,                 1.1814,              0.0072503,              0.0072503,              0.0072503
                    112,                 1.4918,                 1.0662,                 1.0964,                0.67974,                0.52753,                0.57863,                0.31261,                 1.7058,                 1.2396,                 1.1979,              0.0072253,              0.0072253,              0.0072253
                    113,                 1.4982,                 1.0688,                 1.0956,                0.66802,                0.52698,                0.58062,                0.32133,                 1.6679,                 1.2422,                 1.1837,              0.0072003,              0.0072003,              0.0072003
                    114,                 1.5033,                 1.0248,                 1.1065,                0.63794,                0.54359,                 0.5799,                 0.3211,                 1.6749,                  1.218,                 1.1841,              0.0071753,              0.0071753,              0.0071753
                    115,                 1.4967,                 1.0908,                 1.0887,                0.65354,                0.54869,                0.58708,                0.31794,                 1.6789,                 1.2072,                 1.1787,              0.0071503,              0.0071503,              0.0071503
                    116,                  1.503,                 1.0331,                 1.0983,                0.67094,                 0.5362,                0.58691,                0.32512,                 1.6851,                  1.229,                 1.1942,              0.0071253,              0.0071253,              0.0071253
                    117,                 1.5569,                 1.0804,                 1.0974,                0.66517,                0.54667,                0.58761,                0.32281,                 1.6778,                 1.2355,                 1.1847,              0.0071003,              0.0071003,              0.0071003
                    118,                  1.476,                0.99432,                 1.1244,                0.66472,                0.55221,                0.58552,                0.32067,                 1.6727,                 1.2016,                 1.1901,              0.0070753,              0.0070753,              0.0070753
                    119,                 1.4804,                  1.027,                 1.1032,                0.68126,                0.54379,                0.58887,                0.31918,                 1.6978,                  1.204,                 1.1989,              0.0070503,              0.0070503,              0.0070503
                    120,                  1.501,                 1.0026,                  1.116,                0.64886,                0.56391,                0.58895,                0.32444,                 1.6597,                 1.2069,                 1.1834,              0.0070253,              0.0070253,              0.0070253
                    121,                 1.5119,                 1.0077,                 1.1093,                0.67018,                0.55207,                0.59322,                0.31769,                 1.7212,                   1.23,                 1.1988,              0.0070003,              0.0070003,              0.0070003
                    122,                  1.506,                 1.0388,                 1.0906,                0.64574,                0.55895,                0.58472,                0.32278,                 1.6838,                 1.2343,                 1.1869,              0.0069753,              0.0069753,              0.0069753
                    123,                 1.4719,                0.99583,                 1.0887,                 0.6642,                0.55076,                 0.5949,                0.32612,                 1.6631,                 1.2085,                 1.1779,              0.0069503,              0.0069503,              0.0069503
                    124,                 1.4874,                0.99733,                 1.0821,                0.66278,                0.54625,                 0.5899,                0.31323,                 1.7273,                 1.2416,                 1.2027,              0.0069253,              0.0069253,              0.0069253
                    125,                 1.4695,                 1.0001,                 1.0988,                0.68412,                0.54941,                0.59613,                0.32792,                 1.6648,                 1.2119,                 1.1795,              0.0069003,              0.0069003,              0.0069003
                    126,                 1.4718,                0.96676,                 1.1084,                0.65783,                0.54055,                0.58766,                0.31674,                   1.69,                 1.2207,                 1.1853,              0.0068753,              0.0068753,              0.0068753
                    127,                 1.4353,                0.96657,                 1.0909,                0.66166,                 0.5484,                0.58563,                0.31983,                 1.7073,                 1.2396,                 1.1966,              0.0068503,              0.0068503,              0.0068503
                    128,                 1.4509,                  0.966,                 1.0938,                0.64336,                0.53421,                0.58384,                0.31181,                 1.7339,                  1.232,                 1.2101,              0.0068253,              0.0068253,              0.0068253
                    129,                 1.4202,                0.91259,                 1.1068,                0.71133,                0.53016,                0.58889,                0.32728,                 1.6479,                 1.1916,                 1.1742,              0.0068003,              0.0068003,              0.0068003
                    130,                 1.4366,                0.99817,                 1.0865,                0.69249,                0.54781,                0.59076,                 0.3233,                 1.6646,                 1.2027,                   1.18,              0.0067753,              0.0067753,              0.0067753
                    131,                 1.3941,                0.92143,                 1.1042,                 0.6547,                0.54151,                0.58779,                0.32633,                 1.6682,                 1.2283,                  1.185,              0.0067503,              0.0067503,              0.0067503
                    132,                   1.46,                0.98581,                 1.0901,                0.70801,                0.54441,                0.59858,                0.33301,                 1.6547,                 1.2011,                 1.1785,              0.0067253,              0.0067253,              0.0067253
                    133,                  1.448,                0.94036,                 1.0709,                0.69409,                0.53695,                0.59034,                0.31986,                 1.7087,                  1.228,                 1.1969,              0.0067003,              0.0067003,              0.0067003
                    134,                 1.4202,                0.92946,                  1.081,                0.66131,                 0.5528,                0.59491,                0.32604,                 1.6615,                 1.2019,                  1.179,              0.0066753,              0.0066753,              0.0066753
                    135,                 1.4259,                0.96501,                 1.0798,                0.68135,                0.55311,                0.59694,                0.32414,                  1.671,                 1.2215,                 1.1851,              0.0066503,              0.0066503,              0.0066503
                    136,                 1.4002,                0.91389,                   1.09,                0.66836,                0.55476,                0.59743,                0.33021,                   1.68,                 1.2177,                 1.1968,              0.0066253,              0.0066253,              0.0066253
                    137,                 1.4556,                0.94984,                 1.0856,                0.67787,                0.56133,                0.60334,                0.33069,                 1.6501,                 1.1831,                 1.1789,              0.0066003,              0.0066003,              0.0066003
                    138,                 1.4762,                0.96423,                 1.0484,                0.68006,                0.55305,                0.59937,                0.32169,                 1.6876,                 1.2066,                 1.1897,              0.0065753,              0.0065753,              0.0065753
                    139,                 1.4527,                0.97167,                   1.06,                 0.6666,                0.57256,                0.60294,                0.33541,                 1.6542,                 1.1969,                 1.1842,              0.0065503,              0.0065503,              0.0065503
                    140,                  1.418,                0.93439,                  1.054,                0.68727,                 0.5573,                0.60543,                0.33641,                  1.647,                 1.1965,                   1.18,              0.0065253,              0.0065253,              0.0065253
                    141,                 1.4237,                0.92923,                 1.0801,                0.68365,                0.55576,                0.60464,                0.33314,                 1.6626,                 1.1891,                 1.1896,              0.0065004,              0.0065004,              0.0065004
                    142,                 1.4627,                0.94583,                 1.0633,                0.71716,                0.55067,                0.60327,                0.32529,                 1.7021,                 1.2023,                 1.1971,              0.0064754,              0.0064754,              0.0064754
                    143,                 1.3906,                0.90271,                 1.0706,                0.68819,                0.55315,                0.60493,                0.32848,                 1.7103,                 1.2353,                 1.2094,              0.0064504,              0.0064504,              0.0064504
                    144,                 1.3956,                0.87174,                 1.0474,                0.68748,                0.55664,                0.60466,                0.32486,                 1.7042,                 1.2315,                    1.2,              0.0064254,              0.0064254,              0.0064254
                    145,                 1.4587,                0.95224,                 1.0553,                0.65825,                0.56134,                0.60241,                0.32773,                 1.6874,                 1.1985,                 1.1989,              0.0064004,              0.0064004,              0.0064004
                    146,                 1.3674,                0.88065,                 1.0792,                0.66038,                0.55907,                0.60052,                0.32965,                 1.6793,                 1.1968,                 1.1976,              0.0063754,              0.0063754,              0.0063754
                    147,                 1.4418,                0.93776,                 1.0736,                0.68676,                0.54565,                0.60015,                  0.326,                 1.6988,                 1.2134,                 1.1994,              0.0063504,              0.0063504,              0.0063504
                    148,                 1.3595,                0.86868,                 1.0597,                0.67671,                   0.53,                 0.5911,                0.32677,                 1.6687,                 1.2186,                 1.1919,              0.0063254,              0.0063254,              0.0063254
                    149,                 1.4224,                 0.9418,                 1.0867,                0.64837,                0.56044,                0.59675,                0.32696,                 1.6642,                 1.2023,                 1.1873,              0.0063004,              0.0063004,              0.0063004
                    150,                 1.3966,                0.90314,                 1.0827,                0.67472,                0.54579,                0.60064,                0.32982,                  1.682,                 1.1971,                 1.1995,              0.0062754,              0.0062754,              0.0062754
                    151,                 1.3959,                 0.9054,                  1.046,                0.65519,                0.54324,                0.58913,                0.32086,                  1.697,                 1.2155,                 1.2025,              0.0062504,              0.0062504,              0.0062504
                    152,                 1.3641,                 0.8643,                 1.0694,                0.65672,                0.56447,                0.59851,                0.33058,                 1.6592,                 1.1897,                 1.1887,              0.0062254,              0.0062254,              0.0062254
                    153,                 1.3975,                0.88177,                 1.0531,                0.71867,                0.53294,                0.59688,                0.32484,                 1.6889,                    1.2,                 1.1921,              0.0062004,              0.0062004,              0.0062004
                    154,                 1.3949,                0.87218,                 1.0461,                 0.6726,                0.55443,                0.59951,                0.32365,                 1.7042,                 1.2024,                 1.2003,              0.0061754,              0.0061754,              0.0061754
                    155,                 1.4044,                0.90279,                 1.0433,                0.68046,                0.54334,                0.59756,                0.32827,                 1.6694,                 1.1959,                 1.1922,              0.0061504,              0.0061504,              0.0061504
                    156,                 1.3487,                0.86588,                 1.0578,                0.68503,                0.54791,                0.59391,                0.32409,                 1.6924,                  1.215,                 1.2098,              0.0061254,              0.0061254,              0.0061254
                    157,                 1.3977,                0.86315,                 1.0726,                0.65246,                0.56532,                0.59495,                0.32769,                 1.6771,                 1.2007,                 1.1978,              0.0061004,              0.0061004,              0.0061004
                    158,                 1.3723,                0.87503,                 1.0649,                0.65922,                 0.5514,                0.59564,                0.32641,                 1.6744,                 1.1921,                 1.1933,              0.0060754,              0.0060754,              0.0060754
                    159,                 1.3532,                0.86836,                 1.0646,                0.67382,                0.55648,                0.59598,                 0.3243,                 1.6825,                  1.196,                 1.1919,              0.0060504,              0.0060504,              0.0060504
                    160,                 1.3843,                0.89435,                 1.0558,                0.65024,                0.56379,                0.60162,                0.32908,                 1.6888,                 1.1773,                 1.2002,              0.0060254,              0.0060254,              0.0060254
                    161,                 1.3761,                0.85426,                 1.0645,                0.69632,                0.54684,                 0.6036,                0.33232,                 1.6825,                  1.189,                 1.1996,              0.0060004,              0.0060004,              0.0060004
                    162,                 1.3531,                0.86521,                 1.0663,                0.71678,                0.55329,                0.60474,                0.33028,                 1.7032,                  1.196,                 1.2124,              0.0059754,              0.0059754,              0.0059754
                    163,                 1.3642,                0.82556,                 1.0507,                0.68629,                0.56393,                0.60789,                 0.3364,                 1.6694,                 1.1787,                 1.1993,              0.0059504,              0.0059504,              0.0059504
                    164,                 1.3645,                0.86027,                 1.0597,                0.72424,                0.54468,                 0.6043,                0.32992,                 1.7003,                 1.2138,                 1.2075,              0.0059254,              0.0059254,              0.0059254
                    165,                  1.366,                0.87608,                 1.0386,                0.70378,                 0.5468,                0.59719,                0.32508,                 1.6961,                 1.2059,                 1.2021,              0.0059004,              0.0059004,              0.0059004
                    166,                 1.3204,                0.84777,                 1.0594,                0.66891,                0.55663,                0.59884,                0.32904,                 1.6884,                 1.1987,                 1.1975,              0.0058754,              0.0058754,              0.0058754
                    167,                 1.3529,                0.84043,                 1.0344,                 0.6696,                 0.5736,                0.60497,                0.32518,                 1.7101,                 1.1995,                 1.2036,              0.0058504,              0.0058504,              0.0058504
                    168,                 1.3552,                0.86541,                 1.0351,                0.67095,                0.57375,                0.60523,                0.32878,                 1.6944,                 1.2009,                 1.2001,              0.0058254,              0.0058254,              0.0058254
                    169,                 1.4066,                0.89606,                 1.0331,                0.68668,                0.56382,                0.60153,                0.32655,                 1.7091,                 1.2191,                 1.2123,              0.0058004,              0.0058004,              0.0058004
                    170,                 1.3184,                0.82014,                  1.039,                0.68434,                0.56722,                0.59768,                0.32697,                 1.7024,                 1.2025,                  1.209,              0.0057754,              0.0057754,              0.0057754
                    171,                 1.3375,                0.81673,                 1.0439,                0.68664,                0.55845,                0.59839,                0.32629,                 1.7044,                 1.1953,                 1.2105,              0.0057504,              0.0057504,              0.0057504
                    172,                 1.3278,                0.82768,                 1.0397,                 0.7123,                0.54809,                0.59889,                0.32722,                 1.7051,                 1.2157,                 1.2121,              0.0057254,              0.0057254,              0.0057254
                    173,                 1.3363,                0.82458,                 1.0266,                0.69732,                0.55386,                0.60801,                0.33016,                 1.7144,                 1.2039,                 1.2162,              0.0057004,              0.0057004,              0.0057004
                    174,                 1.3439,                0.81097,                 1.0425,                0.68091,                0.57005,                 0.6022,                0.32986,                  1.685,                 1.1973,                 1.2075,              0.0056754,              0.0056754,              0.0056754
                    175,                  1.344,                0.80185,                 1.0321,                0.68427,                0.56213,                0.60558,                0.33201,                 1.6892,                 1.2129,                 1.2097,              0.0056504,              0.0056504,              0.0056504
                    176,                  1.329,                0.84096,                 1.0574,                0.67232,                0.56969,                0.60934,                0.33671,                 1.6805,                 1.1994,                 1.2044,              0.0056254,              0.0056254,              0.0056254
                    177,                 1.3136,                0.77624,                 1.0457,                0.69845,                0.56096,                0.60542,                0.32943,                 1.7034,                 1.1937,                 1.2101,              0.0056004,              0.0056004,              0.0056004
                    178,                 1.3266,                 0.8446,                 1.0284,                0.68885,                0.55464,                0.60839,                0.33394,                 1.6835,                  1.208,                 1.1996,              0.0055754,              0.0055754,              0.0055754
                    179,                 1.3029,                0.80408,                 1.0099,                0.68196,                0.56397,                0.60877,                 0.3335,                 1.6789,                 1.1911,                 1.1976,              0.0055504,              0.0055504,              0.0055504
                    180,                 1.3011,                 0.8187,                 1.0372,                0.70844,                0.55744,                0.60695,                0.33278,                 1.6921,                 1.2083,                 1.2068,              0.0055254,              0.0055254,              0.0055254
                    181,                 1.2902,                0.77021,                 1.0473,                0.70401,                 0.5699,                0.61135,                0.33388,                 1.6943,                 1.1984,                 1.2052,              0.0055005,              0.0055005,              0.0055005
                    182,                 1.3315,                0.80152,                 1.0385,                0.70422,                0.56706,                0.61606,                0.34126,                 1.6667,                 1.1789,                 1.1938,              0.0054755,              0.0054755,              0.0054755
                    183,                 1.2538,                0.75902,                 1.0281,                0.71692,                 0.5591,                0.61398,                0.33582,                 1.6924,                    1.2,                 1.2074,              0.0054505,              0.0054505,              0.0054505
                    184,                 1.3308,                0.80469,                 1.0378,                0.68954,                0.57875,                0.61669,                0.33605,                 1.7024,                 1.2072,                   1.21,              0.0054255,              0.0054255,              0.0054255
                    185,                 1.3339,                 0.8308,                      1,                0.71445,                0.56018,                0.61381,                0.33663,                 1.6863,                 1.2046,                 1.2044,              0.0054005,              0.0054005,              0.0054005
                    186,                 1.3003,                 0.7909,                 1.0177,                0.69104,                 0.5729,                 0.6157,                0.33348,                 1.7093,                  1.198,                  1.213,              0.0053755,              0.0053755,              0.0053755
                    187,                 1.2605,                0.76968,                 1.0199,                0.67958,                0.57279,                0.61628,                0.33771,                 1.6911,                  1.206,                 1.2136,              0.0053505,              0.0053505,              0.0053505
                    188,                 1.3104,                0.79736,                 1.0215,                0.67085,                0.57191,                0.60941,                0.32962,                 1.7049,                 1.2145,                 1.2141,              0.0053255,              0.0053255,              0.0053255
                    189,                 1.2928,                0.78528,                 1.0283,                0.66574,                0.56952,                 0.6106,                0.33243,                 1.7011,                 1.2034,                  1.217,              0.0053005,              0.0053005,              0.0053005
                    190,                 1.2663,                0.75812,                 1.0295,                0.66399,                0.58215,                0.61204,                 0.3365,                 1.6767,                 1.1953,                 1.2077,              0.0052755,              0.0052755,              0.0052755
                    191,                 1.2774,                0.78532,                  1.011,                0.71165,                0.56087,                0.61329,                0.33061,                 1.7117,                 1.2171,                 1.2267,              0.0052505,              0.0052505,              0.0052505
                    192,                 1.2918,                0.78279,                 1.0115,                0.71471,                0.57193,                 0.6182,                0.33834,                 1.6909,                 1.1961,                 1.2184,              0.0052255,              0.0052255,              0.0052255
                    193,                 1.2528,                0.74587,                 1.0292,                0.68859,                0.58115,                0.61554,                0.33057,                   1.73,                 1.2192,                 1.2334,              0.0052005,              0.0052005,              0.0052005
                    194,                 1.2252,                0.74882,                 1.0221,                0.70762,                0.57299,                0.61965,                0.33675,                 1.7141,                 1.2075,                 1.2223,              0.0051755,              0.0051755,              0.0051755
                    195,                 1.2916,                0.78232,                 1.0196,                0.71278,                0.57772,                0.61657,                0.33663,                 1.6854,                 1.1851,                 1.2128,              0.0051505,              0.0051505,              0.0051505
                    196,                 1.3012,                 0.7825,                 1.0268,                0.72581,                0.56565,                0.61168,                 0.3258,                 1.7191,                 1.2036,                 1.2209,              0.0051255,              0.0051255,              0.0051255
                    197,                 1.2439,                 0.7576,                 1.0109,                  0.721,                0.57176,                0.61727,                0.33855,                 1.6787,                 1.2023,                 1.2058,              0.0051005,              0.0051005,              0.0051005
                    198,                 1.2494,                0.75512,                 1.0034,                0.70022,                0.58134,                0.61903,                0.34046,                 1.6821,                 1.2081,                 1.2109,              0.0050755,              0.0050755,              0.0050755
                    199,                 1.2649,                0.78712,                0.99716,                 0.6858,                0.57333,                 0.6168,                0.33649,                 1.6837,                 1.2049,                 1.2108,              0.0050505,              0.0050505,              0.0050505
                    200,                 1.2772,                0.76027,                 1.0074,                0.69821,                0.57709,                0.62258,                0.33821,                 1.6823,                 1.1846,                  1.214,              0.0050255,              0.0050255,              0.0050255
                    201,                 1.2793,                0.78035,                0.99544,                0.72134,                0.56092,                0.61819,                0.33391,                  1.708,                 1.2034,                 1.2185,              0.0050005,              0.0050005,              0.0050005
                    202,                 1.2399,                0.74255,                0.99616,                0.71372,                 0.5597,                0.61835,                0.33421,                 1.7094,                 1.2127,                 1.2261,              0.0049755,              0.0049755,              0.0049755
                    203,                  1.228,                0.73908,                0.99269,                0.69891,                0.57349,                0.62224,                0.33887,                  1.686,                 1.1848,                 1.2126,              0.0049505,              0.0049505,              0.0049505
                    204,                 1.2369,                0.73091,                 1.0002,                0.72164,                0.55605,                0.61963,                0.33814,                 1.6885,                 1.2115,                  1.217,              0.0049255,              0.0049255,              0.0049255
                    205,                 1.2477,                0.76712,                0.98792,                0.69478,                0.57553,                0.61055,                0.33285,                 1.7067,                 1.2131,                 1.2316,              0.0049005,              0.0049005,              0.0049005
                    206,                 1.2635,                0.73424,                 1.0199,                0.70546,                 0.5636,                0.61617,                0.33919,                 1.6848,                 1.1957,                 1.2206,              0.0048755,              0.0048755,              0.0048755
                    207,                 1.2873,                0.78717,                0.98883,                0.71388,                0.57028,                0.61887,                0.33875,                 1.7015,                 1.2072,                 1.2271,              0.0048505,              0.0048505,              0.0048505
                    208,                 1.2431,                0.73963,                 1.0181,                0.71203,                0.56561,                0.61875,                0.34032,                 1.6889,                 1.1874,                 1.2217,              0.0048255,              0.0048255,              0.0048255
                    209,                 1.2118,                0.71619,                0.99453,                 0.7073,                 0.5769,                0.61695,                0.33692,                  1.697,                 1.1932,                 1.2226,              0.0048005,              0.0048005,              0.0048005
                    210,                 1.2244,                0.73494,                 1.0051,                0.70332,                0.56482,                0.61867,                0.33757,                 1.7042,                 1.2126,                  1.225,              0.0047755,              0.0047755,              0.0047755
                    211,                 1.2242,                0.74881,                0.98919,                0.68953,                0.57919,                0.61741,                0.33713,                 1.7045,                 1.2062,                 1.2281,              0.0047505,              0.0047505,              0.0047505
                    212,                 1.2653,                0.77814,                 1.0139,                0.70388,                0.57236,                0.61937,                  0.339,                 1.6953,                 1.2079,                 1.2248,              0.0047255,              0.0047255,              0.0047255
                    213,                 1.2033,                0.70265,                 1.0093,                0.69694,                0.57833,                0.62385,                0.34328,                 1.6964,                 1.2047,                 1.2227,              0.0047005,              0.0047005,              0.0047005
                    214,                 1.2248,                0.72187,                0.98879,                0.71424,                0.58288,                0.62806,                0.34515,                 1.7077,                 1.2065,                 1.2288,              0.0046755,              0.0046755,              0.0046755
                    215,                 1.2677,                 0.7609,                0.98206,                0.71177,                0.57163,                0.62684,                0.34265,                 1.7226,                 1.2116,                 1.2367,              0.0046505,              0.0046505,              0.0046505
                    216,                 1.2197,                0.70182,                0.97265,                0.72742,                0.56331,                0.62544,                0.34142,                 1.7098,                  1.197,                 1.2294,              0.0046255,              0.0046255,              0.0046255
                    217,                 1.2273,                0.73444,                0.99508,                0.72064,                0.56547,                  0.625,                0.34251,                 1.6912,                  1.185,                 1.2223,              0.0046005,              0.0046005,              0.0046005
                    218,                 1.2061,                0.74122,                 1.0008,                0.71082,                0.56301,                0.62288,                0.34298,                 1.6925,                 1.1811,                 1.2234,              0.0045755,              0.0045755,              0.0045755
                    219,                 1.1981,                0.70766,                0.99331,                 0.7162,                0.56877,                0.62264,                0.34339,                 1.6963,                 1.1922,                 1.2295,              0.0045505,              0.0045505,              0.0045505
                    220,                 1.2361,                0.76946,                0.98561,                0.71032,                 0.5679,                 0.6177,                0.33836,                 1.7014,                 1.1889,                 1.2254,              0.0045255,              0.0045255,              0.0045255
                    221,                 1.2409,                0.75595,                0.96966,                 0.7039,                0.57503,                0.62217,                0.34135,                 1.7008,                 1.1965,                 1.2311,              0.0045005,              0.0045005,              0.0045005
                    222,                 1.1605,                0.68188,                0.98829,                0.73233,                0.56842,                0.62562,                0.34289,                 1.7071,                 1.1998,                 1.2297,              0.0044756,              0.0044756,              0.0044756
                    223,                 1.1964,                0.70832,                  0.983,                 0.7033,                 0.5774,                0.62333,                0.34221,                 1.6884,                 1.1939,                 1.2239,              0.0044506,              0.0044506,              0.0044506
                    224,                 1.2327,                0.73179,                0.96679,                0.66852,                0.59074,                0.62085,                0.33814,                 1.7064,                 1.1969,                 1.2332,              0.0044256,              0.0044256,              0.0044256
                    225,                 1.2081,                0.71643,                 1.0003,                 0.7088,                0.57351,                 0.6284,                0.34299,                 1.7106,                 1.1994,                 1.2331,              0.0044006,              0.0044006,              0.0044006
                    226,                 1.1754,                0.70806,                 0.9866,                0.69651,                 0.5825,                0.62516,                0.34146,                 1.7197,                 1.2113,                 1.2365,              0.0043756,              0.0043756,              0.0043756
                    227,                 1.2002,                0.70076,                0.98507,                0.70972,                0.58124,                0.62593,                 0.3412,                 1.7064,                 1.1965,                  1.232,              0.0043506,              0.0043506,              0.0043506
                    228,                 1.1668,                0.70226,                0.98202,                 0.6802,                0.58967,                0.61846,                0.33794,                 1.7193,                 1.2231,                 1.2418,              0.0043256,              0.0043256,              0.0043256
                    229,                 1.2096,                0.72502,                0.96817,                0.68222,                0.58456,                0.62422,                 0.3359,                 1.7263,                 1.2101,                 1.2362,              0.0043006,              0.0043006,              0.0043006
                    230,                 1.1477,                0.64556,                0.99083,                  0.678,                0.58985,                0.62548,                0.34173,                 1.6997,                 1.2005,                 1.2315,              0.0042756,              0.0042756,              0.0042756
                    231,                 1.1471,                0.65833,                0.97299,                0.71581,                0.56857,                0.62265,                0.34108,                 1.7009,                 1.2133,                 1.2338,              0.0042506,              0.0042506,              0.0042506
                    232,                 1.1761,                0.67843,                0.97547,                0.73109,                0.55553,                 0.6246,                0.34282,                 1.7003,                 1.2172,                  1.234,              0.0042256,              0.0042256,              0.0042256
                    233,                 1.1746,                0.66993,                0.97999,                0.72758,                0.55611,                0.62253,                0.34163,                 1.7078,                 1.2143,                 1.2327,              0.0042006,              0.0042006,              0.0042006
                    234,                 1.1419,                0.67543,                0.96791,                0.68837,                0.58178,                0.62097,                0.34162,                 1.7019,                 1.2062,                 1.2308,              0.0041756,              0.0041756,              0.0041756
                    235,                 1.1493,                0.66845,                0.98137,                0.68994,                0.58055,                0.62077,                0.34239,                  1.689,                 1.2089,                 1.2272,              0.0041506,              0.0041506,              0.0041506
                    236,                 1.1913,                0.71054,                0.95792,                0.67824,                0.59179,                0.62211,                0.33973,                 1.7117,                 1.2259,                 1.2377,              0.0041256,              0.0041256,              0.0041256
                    237,                 1.1895,                0.69934,                0.98361,                0.71562,                0.55631,                0.61591,                0.33634,                 1.7063,                 1.2239,                  1.234,              0.0041006,              0.0041006,              0.0041006
                    238,                  1.157,                0.67631,                 0.9723,                0.71873,                0.54942,                0.61398,                0.33425,                 1.7073,                 1.2107,                 1.2354,              0.0040756,              0.0040756,              0.0040756
                    239,                 1.1385,                0.65752,                0.97741,                0.70042,                 0.5666,                0.61429,                0.33109,                 1.7348,                   1.22,                 1.2464,              0.0040506,              0.0040506,              0.0040506
                    240,                 1.1753,                0.69373,                0.96804,                0.70962,                0.56743,                0.61811,                0.33717,                 1.7202,                 1.2174,                 1.2363,              0.0040256,              0.0040256,              0.0040256
                    241,                 1.1505,                0.66487,                0.96078,                0.68646,                  0.572,                0.61616,                0.33683,                 1.7056,                 1.2167,                 1.2312,              0.0040006,              0.0040006,              0.0040006
                    242,                 1.1502,                0.67735,                0.96003,                0.69231,                0.57481,                0.61654,                0.33819,                 1.7083,                 1.2242,                 1.2323,              0.0039756,              0.0039756,              0.0039756
                    243,                 1.1069,                0.62958,                0.97624,                0.70668,                0.57027,                0.61595,                0.33798,                 1.7058,                 1.2148,                 1.2316,              0.0039506,              0.0039506,              0.0039506
                    244,                 1.1497,                0.67785,                0.97301,                0.70494,                0.57522,                0.61812,                0.33791,                 1.7186,                 1.2258,                 1.2457,              0.0039256,              0.0039256,              0.0039256
                    245,                 1.1888,                0.70052,                0.96193,                0.69665,                0.57563,                0.62223,                0.34138,                 1.7065,                 1.2136,                 1.2365,              0.0039006,              0.0039006,              0.0039006
                    246,                 1.1029,                0.64756,                0.97195,                0.70804,                0.57002,                 0.6248,                0.34171,                 1.7181,                 1.2138,                 1.2459,              0.0038756,              0.0038756,              0.0038756
                    247,                 1.1209,                0.67008,                0.95471,                 0.6638,                0.59712,                0.61807,                0.33809,                 1.7108,                 1.2174,                 1.2408,              0.0038506,              0.0038506,              0.0038506
                    248,                 1.1247,                0.64561,                0.96006,                0.69237,                0.58477,                 0.6199,                0.34031,                 1.7013,                 1.2103,                 1.2377,              0.0038256,              0.0038256,              0.0038256
                    249,                 1.1256,                0.65716,                0.95967,                0.68802,                0.59551,                0.62092,                0.33958,                 1.7143,                 1.2175,                 1.2436,              0.0038006,              0.0038006,              0.0038006
                    250,                 1.1339,                0.65152,                 0.9539,                0.68947,                0.59563,                0.62468,                 0.3414,                 1.7104,                 1.2155,                 1.2421,              0.0037756,              0.0037756,              0.0037756
                    251,                 1.1393,                0.68918,                0.95908,                0.69066,                0.59186,                0.62711,                0.34489,                 1.7014,                 1.2063,                  1.241,              0.0037506,              0.0037506,              0.0037506
                    252,                 1.0818,                0.64761,                0.95405,                0.63774,                0.60267,                0.61588,                0.33921,                  1.705,                 1.2162,                 1.2418,              0.0037256,              0.0037256,              0.0037256
                    253,                 1.0812,                0.60673,                0.96494,                  0.675,                0.59063,                0.61947,                0.33814,                 1.7185,                 1.2159,                 1.2484,              0.0037006,              0.0037006,              0.0037006
                    254,                 1.0719,                0.62642,                0.95914,                0.68237,                0.58748,                0.62273,                0.34319,                 1.6909,                 1.2057,                 1.2378,              0.0036756,              0.0036756,              0.0036756
                    255,                 1.1451,                0.65411,                 0.9693,                0.69526,                0.57395,                0.61645,                0.33745,                 1.7074,                 1.2163,                 1.2474,              0.0036506,              0.0036506,              0.0036506
                    256,                 1.1053,                0.66352,                0.95215,                0.69141,                0.58055,                0.61949,                0.33893,                 1.7118,                  1.217,                 1.2521,              0.0036256,              0.0036256,              0.0036256
                    257,                 1.0984,                0.63697,                0.96065,                0.67024,                0.58939,                0.61996,                0.33706,                 1.7176,                 1.2182,                 1.2517,              0.0036006,              0.0036006,              0.0036006
                    258,                  1.168,                0.67435,                0.95306,                0.65401,                0.59458,                0.62182,                0.33713,                 1.7251,                 1.2254,                 1.2511,              0.0035756,              0.0035756,              0.0035756
                    259,                  1.107,                0.64715,                0.94256,                0.66663,                0.59787,                0.62107,                0.34046,                 1.7076,                 1.2207,                 1.2461,              0.0035506,              0.0035506,              0.0035506
                    260,                 1.0543,                0.61143,                 0.9542,                 0.6859,                0.58678,                0.61778,                0.33752,                 1.7083,                 1.2141,                 1.2419,              0.0035256,              0.0035256,              0.0035256
                    261,                 1.0993,                0.63436,                0.93636,                0.68844,                 0.5866,                0.61859,                  0.337,                 1.7108,                 1.2174,                 1.2425,              0.0035006,              0.0035006,              0.0035006
                    262,                  1.131,                0.65484,                0.96438,                0.69026,                0.58674,                0.62057,                0.33957,                  1.703,                 1.2189,                 1.2458,              0.0034757,              0.0034757,              0.0034757
                    263,                  1.083,                0.64109,                0.92926,                0.67299,                0.60115,                0.61955,                0.33936,                  1.713,                 1.2295,                 1.2498,              0.0034507,              0.0034507,              0.0034507
                    264,                 1.0984,                0.64147,                0.94996,                0.68699,                0.58608,                0.61948,                0.33909,                 1.7147,                 1.2267,                 1.2481,              0.0034257,              0.0034257,              0.0034257
